{
    "one_and_syn": {
        "avg_score": 0.659680745717043,
        "num_ann": 30580,
        "num_img": 15288
    },
    "nms": {
        "avg_score": 0.6450435848698624,
        "num_ann": 17309,
        "num_img": 15288
    }
}